Unnamed: 0,전송사업자코드,공연코드,공연회차,소요시간,장르명,세부장르명,출연진내용,제작진내용,기획제작사명,관람연령,아동공연 여부,축제 여부,내한공연 여부,오픈런 여부,단독판매여부,공연시작년도,공연시작월,공연시작일,공연시작요일,공연시작시분,공연기간,공휴일여부,좌석등급개수,평균티켓가격,좌석점유율,코로나표준점수,검색량,출연횟수
0,SE000102,PF360097,1,90,서양음악(클래식),기악,한성원,,대구콘서트하우스(주최),만 6세 이상,N,N,N,N,Y,2019,7,9,Tuesday,1170,1,0,1,10000.0,0.995967741935484,0,0,7
1,SE000102,PF360828,1,70,서양음악(클래식),기악,"최민정, 배규희, 우현수, 정혜진, 남자은",,대구콘서트하우스(주최),만 7세 이상,N,N,N,N,Y,2019,7,16,Tuesday,1170,1,0,1,10000.0,0.9838709677419356,0,0,4
2,SE000303,PF373182,1,60,서양음악(클래식),기악,"김은지, 오은비, 형성경, 신유리",,"블랑앳누아(주최), 블랑앳누아(주관)",만 7세 이상,N,N,N,N,N,2019,7,20,Saturday,1170,1,0,1,10000.0,0.0241935483870967,0,0,2
3,SE000102,PF360028,1,70,서양음악(클래식),성악,"권재희, 정지은",,대구콘서트하우스(주최),만 7세 이상,N,N,N,N,Y,2019,7,26,Friday,1170,1,0,1,10000.0,0.7540322580645161,0,0,2
4,SE000102,PF373483,1,90,서양음악(클래식),기악,주석용,,"대구콘서트하우스(주최), 대구콘서트하우스(기획사)",만 7세 이상,N,N,N,N,Y,2019,8,9,Friday,1170,1,0,1,10000.0,0.9919354838709676,0,0,1
5,SE000102,PF373983,1,70,서양음악(클래식),기악,"조윤진, 이강원, 김나현, 김영도, 조재복, 김민정, 허지은 등",,"월드오케스트라시리즈 조직위원회(주최), 월드오케스트라시리즈 조직위원회(기획사)",만 7세 이상,N,N,N,N,Y,2019,8,16,Friday,1170,1,0,1,10000.0,0.9556451612903226,0,0,4
6,SE000102,PF373999,1,90,서양음악(클래식),성악,,,"대구콘서트하우스(주최), 대구콘서트하우스(기획사)",만 8세 이상,N,N,N,N,Y,2019,8,20,Tuesday,1170,1,0,1,20000.0,0.9838709677419356,0,0,1
7,SE000303,PF374324,1,120,서양음악(클래식),오페라,"소은경, 김동녁, 최득규, 윤성우, 전태현, 이은혜","현동헌, 소은경, 최득규","지트리 아트컴퍼니(주최), 지트리 아트컴퍼니(주관)",만 7세 이상,N,N,N,N,N,2019,8,21,Wednesday,1170,1,0,1,30000.0,0.0282258064516129,0,0,8
8,SE000303,PF375980,1,90,서양음악(클래식),기악,"김민희, 허정화",,에이엠예술기획(AM엔터테인먼트)(주관),만 7세 이상,N,N,N,N,N,2019,8,27,Tuesday,1170,1,0,1,10000.0,0.0241935483870967,0,0,4
9,SE000303,PF375391,1,90,서양음악(클래식),기악,"류정희, 최윤정, 김승언, 최지민, 하성원, 우정훈",,앙상블 테이크(주최),만 7세 이상,N,N,N,N,N,2019,8,28,Wednesday,1170,1,0,1,10000.0,0.0120967741935483,0,0,2
10,SE000303,PF375093,1,60,한국음악(국악),기악,"변석준, 장주영, 김경미, 정지태, 신지현",,대구콘서트하우스(주최),전체 관람가,N,N,N,N,N,2019,8,30,Friday,1170,1,0,1,10000.0,0.0483870967741935,0,0,0
11,SE000303,PF376229,1,90,서양음악(클래식),기악,"허아영, 변유진, 송성훈, 김은형, 권영서, 양윤지, 이수민 등",,에이엠예술기획(AM엔터테인먼트)(주최),만 7세 이상,N,N,N,N,N,2019,9,1,Sunday,1170,1,0,1,20000.0,0.0201612903225806,0,0,1
12,SE000102,PF374660,1,70,서양음악(클래식),기악,이예찬,,"대구콘서트하우스(기획사), 대구콘서트하우스(주최)",만 7세 이상,N,N,N,N,Y,2019,9,3,Tuesday,1170,1,0,1,10000.0,0.9838709677419356,0,0,1
13,SE000102,PF374661,1,70,서양음악(클래식),성악,김정아,,"대구콘서트하우스(기획사), 대구콘서트하우스(주최)",만 7세 이상,N,N,N,N,Y,2019,9,4,Wednesday,1170,1,0,1,10000.0,0.6895161290322581,0,0,9
14,SE000102,PF374672,1,70,서양음악(클래식),기악,이은숙,,"대구콘서트하우스(기획사), 대구콘서트하우스(주최)",만 7세 이상,N,N,N,N,Y,2019,9,5,Thursday,1170,1,0,1,10000.0,0.7943548387096774,0,0,3
15,SE000102,PF374673,1,70,서양음악(클래식),기악,송희송,,"대구콘서트하우스(기획사), 대구콘서트하우스(주최)",만 7세 이상,N,N,N,N,Y,2019,9,6,Friday,1170,1,0,1,10000.0,0.4112903225806452,0,0,13
16,SE000102,PF374162,1,70,서양음악(클래식),기악,"고수진, 김지혜, 구은정, 박주용, 이아름, 김성환, 양승진 등",,"대구콘서트하우스(기획사), 대구콘서트하우스(주최)",만 7세 이상,N,N,N,N,Y,2019,9,10,Tuesday,1170,1,0,1,10000.0,0.9637096774193548,0,0,13
17,SE000102,PF374017,1,70,대중무용,스트리트/스포츠댄스,"백나현, 최민정, 배원, 송성훈, 홍기쁨, 김효준",,"대구콘서트하우스(기획사), 대구콘서트하우스(주최)",만 7세 이상,N,N,N,N,Y,2019,9,17,Tuesday,1170,1,0,1,10000.0,0.9637096774193548,0,0,3
18,SE000102,PF360050,1,70,서양음악(클래식),기악,이형근,,대구콘서트하우스(주최),만 7세 이상,N,N,N,N,Y,2019,9,18,Wednesday,1170,1,0,1,10000.0,0.4677419354838709,0,0,6
19,SE000303,PF376183,1,90,서양음악(클래식),성악,"류지은, 박민정, 배진형, 배혜리, 이미혜, 차경훈, 김형준 등",,"대구음악협회(주관), 대구음악협회(주최)",만 7세 이상,N,Y,N,N,N,2019,9,20,Friday,1170,1,0,1,10000.0,0.0161290322580645,0,0,2
20,SE000102,PF375692,1,60,서양음악(클래식),기악,"류태형, 송정민, 김병현",,"대구콘서트하우스(기획사), 대구콘서트하우스(주최)",만 8세 이상,N,N,N,N,Y,2019,9,25,Wednesday,1170,1,0,1,5000.0,0.7016129032258065,0,0,27
21,SE000102,PF375917,1,70,서양음악(클래식),기악,"장영목, 김돈, 최영미, 임우상, 정희치, 김정길 등",,"대구콘서트하우스(기획사), 대구콘서트하우스(주최)",만 7세 이상,N,N,N,N,Y,2019,9,27,Friday,1170,1,0,1,10000.0,0.7540322580645161,0,0,31
22,SE000102,PF376291,1,70,무용(서양/한국무용),현대무용,"박진화, 이윤화, 배은진, 나윤아, 이은정","김성용, 정은신","대구콘서트하우스(기획사), 대구콘서트하우스(주최)",만 7세 이상,N,N,N,N,Y,2019,10,2,Wednesday,1170,1,0,1,10000.0,0.5201612903225806,0,0,6
23,SE000102,PF376242,1,70,한국음악(국악),혼합,"김봉규, 김지선, 이갑규, 정혜진, 최병길",,"대구콘서트하우스(기획사), 대구콘서트하우스(주최)",만 7세 이상,N,N,N,N,N,2019,10,5,Saturday,1020,1,0,1,10000.0,0.6774193548387096,0,0,1
24,SE000102,PF376163,1,70,서양음악(클래식),기악,"박영희, 박철하, 권은실, 강나래, 최용준, 정혜진, 백나현 등",,"대구콘서트하우스(기획사), 대구콘서트하우스(주최)",만 7세 이상,N,N,N,N,Y,2019,10,8,Tuesday,1170,1,0,1,10000.0,0.375,0,0,3
25,SE000303,PF378284,1,90,서양음악(클래식),기악,"라도스와브 솝착, 박미선, 박치상, 야노스와프 톰잘",,노부스 앙상블(주최),전체 관람가,N,N,N,N,N,2019,10,10,Thursday,1170,1,0,1,30000.0,0.0080645161290322,0,0,29
26,SE000102,PF377725,1,90,서양음악(클래식),기악,,,대구콘서트하우스(주최),만 8세 이상,N,N,N,N,N,2019,10,12,Saturday,1170,1,0,1,0.0,1.0,0,0,1
27,SE000102,PF377579,1,70,서양음악(클래식),성악,"이성원, 최윤희, 백나현, 홍기쁨",,"대구콘서트하우스(기획사), 대구콘서트하우스(주최)",만 7세 이상,N,N,N,N,Y,2019,10,30,Wednesday,1170,1,0,1,10000.0,0.8548387096774194,0,0,5
28,SE000102,PF360051,1,70,서양음악(클래식),기악,이형근,,대구콘서트하우스(주최),만 7세 이상,N,N,N,N,Y,2019,11,6,Wednesday,1170,1,0,1,10000.0,0.4233870967741935,0,0,6
29,SE000201,PF379445,1,85,서양음악(클래식),기악,"서주희, 김소정, 한혜민, 경희설, 김유진, 김태영",,"코리아트ENT(기획사), 코리아트ENT(주최)",만 7세 이상,N,N,N,N,N,2019,11,17,Sunday,1020,1,0,1,10000.0,0.0778688524590164,0,3780,9
30,SE000303,PF370526,1,90,서양음악(클래식),기악,"김응수, 노소연, 김형은, 우세라, 박수빈, 이항석, 이준서 등",,"킴스클래식예술기획(주관), 앙상블 우애(주최)",만 8세 이상,N,N,N,N,N,2019,11,16,Saturday,1170,1,0,1,10000.0,0.0241935483870967,0,0,36
31,SE000303,PF370875,1,130,서양음악(클래식),기악,"오국환, 배원, 강희윤, 김유진, 김주경, 이수정, 박진아 등",서주희,"대구청년클래식음악제(주최), 대구청년클래식음악제(주관)",전체 관람가,N,Y,N,N,N,2019,11,21,Thursday,1140,1,0,1,10000.0,0.0362903225806451,0,0,4
32,SE000102,PF379306,1,60,서양음악(클래식),기악,"오혜림, 임성희, 장하은",,Enosh Ensemble(에노스 앙상블)(주최),만 7세 이상,N,N,N,N,Y,2019,11,22,Friday,1170,1,0,1,5000.0,0.2258064516129032,0,0,3
33,SE000201,PF378108,1,100,서양음악(클래식),기악,"변예진, 변새봄, 임주영",,드림클래식코리아(주관),만 7세 이상,N,N,N,N,N,2019,11,23,Saturday,1020,1,0,1,20000.0,0.0296296296296296,0,0,13
34,SE000102,PF378766,1,90,서양음악(클래식),기악,류태형 등,,"대구콘서트하우스(기획사), 대구콘서트하우스(주최)",만 7세 이상,N,N,N,N,Y,2019,11,27,Wednesday,1170,1,0,1,5000.0,0.7338709677419355,0,0,12
35,SE000303,PF371204,1,60,서양음악(클래식),기악,"최현, 남경림, 이미영 등",,"탑퍼커션앙상블(주최), 탑퍼커션앙상블(주관)",만 5세 이상,N,N,N,N,N,2019,11,30,Saturday,1020,1,0,1,10000.0,0.0201612903225806,0,0,1
36,SE000102,PF375517,1,70,서양음악(클래식),기악,"장혁준, 최영식, 이윤하, 황효정, 송호섭, 한경진, 김지인",,"월드오케스트라시리즈 조직위원회(주최), 대구콘서트하우스(주최)",만 7세 이상,N,N,N,N,Y,2019,12,2,Monday,1170,1,0,1,10000.0,0.7217741935483871,0,0,13
37,SE000102,PF379867,1,70,서양음악(클래식),기악,"김민수, 황효정, 배현욱, 박선경, 양삼영, 문민영 등",,"대구콘서트하우스(기획사), 대구콘서트하우스(주최)",만 7세 이상,N,N,N,N,Y,2019,12,4,Wednesday,1170,1,0,1,10000.0,0.4798387096774194,0,0,7
38,SE000102,PF375509,1,70,서양음악(클래식),기악,"신상준, 나윤아, 오은정, 윤혜원, 김보연, 조상운, 오지현 등",,"월드오케스트라시리즈 조직위원회(주최), 대구콘서트하우스(주최)",12개월 이상,N,N,N,N,Y,2019,12,5,Thursday,1170,1,0,1,10000.0,0.782258064516129,0,50,35
39,SE000102,PF379771,1,70,서양음악(클래식),기악,"최규원, 정나영, 김소정, 경의설",,"대구콘서트하우스(기획사), 대구콘서트하우스(주최)",만 7세 이상,N,N,N,N,Y,2019,12,6,Friday,1170,1,0,1,10000.0,0.5443548387096774,0,0,2
40,SE000201,PF370863,1,90,서양음악(클래식),기악,"허효정, 이신우",,(주)오푸스(OPUS)(주최),만 8세 이상,N,N,N,N,N,2019,12,12,Thursday,1170,1,0,1,20000.0,0.3237704918032787,0,0,6
41,SE000303,PF371487,1,120,서양음악(클래식),기악,"허아영, 박지현, 정현정, 김보석, 김효승, 배혜완",,헤르츠앙상블(HERZ Ensemble)(주관),만 7세 이상,N,N,N,N,N,2019,12,13,Friday,1170,1,0,1,5000.0,0.0524193548387096,0,0,4
42,SE000303,PF371205,1,60,복합,다원/융복합,"손미주, 조민형, 오혜령, 윤민경, 이지은, 강다윤 등",,"모음 앙상블(주최), 모음 앙상블(주관)",24개월 이상,N,N,N,N,N,2019,12,14,Saturday,960,1,0,1,10000.0,0.2258064516129032,0,0,10
43,SE000303,PF371076,1,90,서양음악(클래식),성악,"배혜리, 이정아, 이영규, 최민영, 백민아, 구은정, 남자은 등",,더 소프라노즈(주최),만 7세 이상,N,N,N,N,N,2019,12,17,Tuesday,1170,1,0,1,20000.0,0.0201612903225806,0,0,2
44,SE000303,PF382241,1,90,서양음악(클래식),기악,,,"앙상블 토니카(주최), 앙상블 토니카(주관)",만 7세 이상,N,N,N,N,N,2019,12,31,Tuesday,1170,1,0,1,10000.0,0.2137096774193548,0,0,1
45,SE000102,PF382485,1,90,서양음악(클래식),기악,유상오,,"나래아트컴퍼니(주최), 나래아트컴퍼니(주관)",만 7세 이상,N,N,N,N,Y,2020,1,18,Saturday,1080,1,0,1,12000.0,1.14,0,0,1
46,SE000201,PF387260,1,80,서양음악(클래식),성악,"권수민, 김신영, 박고운, 임예린, 김찬욱, 이요한, 김창규 등",,"대구콘서트하우스(주최), 대구콘서트하우스(주관)",만 7세 이상,N,N,N,N,Y,2020,7,15,Wednesday,1170,1,0,1,10000.0,0.8431372549019608,1,2740,17
47,SE000201,PF387267,1,80,서양음악(클래식),성악,"이소미, 권성준, 김현서",,"대구콘서트하우스(주최), 대구콘서트하우스(주관)",만 7세 이상,N,N,N,N,Y,2020,7,16,Thursday,1170,1,0,1,10000.0,0.8627450980392157,1,0,2
48,SE000201,PF387268,1,80,서양음악(클래식),성악,"김상은, 김보라, 이병룡, 이인철, 박선민",,"대구콘서트하우스(주최), 대구콘서트하우스(주관)",만 7세 이상,N,N,N,N,Y,2020,7,17,Friday,1170,1,0,1,10000.0,0.7843137254901961,1,0,3
49,SE000201,PF387868,1,90,서양음악(클래식),기악,"박민, 홍종원, 채다인, 김현수",,"대구콘서트하우스(주관), 대구콘서트하우스(주최)",만 7세 이상,N,N,N,N,Y,2020,8,12,Wednesday,1170,1,0,1,10000.0,0.9019607843137256,1,0,1
50,SE000201,PF387867,1,90,서양음악(클래식),기악,"장은호, 김성아, 서경연, 원선윤, 송영민, 문지원, 정헌 등",,"대구콘서트하우스(주관), 대구콘서트하우스(주최)",만 7세 이상,N,N,N,N,Y,2020,8,13,Thursday,1170,1,0,1,10000.0,0.9215686274509804,1,3070,38
51,SE000201,PF387866,1,90,서양음악(클래식),기악,"양원윤, 엄윤숙, 김헌일, 이경희, 김지혜, 김소정, 박승원 등",,"대구콘서트하우스(주관), 대구콘서트하우스(주최)",만 7세 이상,N,N,N,N,Y,2020,8,14,Friday,1170,1,0,1,10000.0,0.8235294117647058,1,0,30
52,SE000201,PF388115,1,60,서양음악(클래식),기악,진솔 등,,"대구콘서트하우스(주관), 대구국제현대음악제(주관), 젊은음악인의모임(주관), 대구콘서트하우스(주최), 대구국제현대음악제(주최), 젊은음악인의모임(주최)",만 7세 이상,N,Y,N,N,N,2020,8,19,Wednesday,960,1,0,1,20000.0,0.9591836734693876,1,1670,31
53,SE000201,PF388117,1,60,서양음악(클래식),기악,,,"대구콘서트하우스(주관), 대구국제현대음악제(주관), 젊은음악인의모임(주관), 대구콘서트하우스(주최), 대구국제현대음악제(주최), 젊은음악인의모임(주최)",만 7세 이상,N,Y,N,N,N,2020,8,19,Wednesday,1170,1,0,1,20000.0,0.9591836734693876,1,0,1
54,SE000201,PF388119,1,60,서양음악(클래식),기악,,,"젊은음악인의모임(주관), 대구콘서트하우스(주최), 대구국제현대음악제(주최)",만 7세 이상,N,Y,N,N,N,2020,8,20,Thursday,1170,1,0,1,20000.0,0.9591836734693876,1,0,1
55,SE000201,PF388110,1,60,서양음악(클래식),기악,이영우 등,,"젊은음악인의모임(주관), 대구콘서트하우스(주최), 대구국제현대음악제(주최)",만 7세 이상,N,Y,N,N,N,2020,8,21,Friday,840,1,0,1,20000.0,0.9591836734693876,1,0,24
56,SE000201,PF389222,1,60,서양음악(클래식),기악,,,"젊은음악인의모임(주관), 대구콘서트하우스(주최), 대구국제현대음악제(주최)",만 7세 이상,N,Y,N,N,N,2020,8,21,Friday,1020,1,0,1,20000.0,0.9591836734693876,1,0,1
57,SE000201,PF388979,1,90,서양음악(클래식),기악,"정나영, 문민영",,"대구콘서트하우스(주관), 대구콘서트하우스(주최)",만 7세 이상,N,N,N,N,N,2020,9,17,Thursday,1170,1,0,1,10000.0,0.5882352941176471,3,0,3
58,SE000201,PF388977,1,90,서양음악(클래식),기악,"이지은, 이재준, 김효준, 추교준, 서주희, 이다영",,"대구콘서트하우스(주관), 대구콘서트하우스(주최)",만 7세 이상,N,N,N,N,N,2020,9,18,Friday,1170,1,0,1,10000.0,0.6823529411764706,3,230,10
59,SE000303,PF389753,1,90,서양음악(클래식),기악,"김성연, 위수인, 정유민, 김연귀",,"대구음악협회(주최), 대구음악협회(주관)",만 7세 이상,N,Y,N,N,N,2020,9,20,Sunday,1080,1,0,1,10000.0,0.0085470085470085,3,0,2
60,SE000201,PF389866,1,60,서양음악(클래식),기악,"류태형, 윤은솔, 박수현, 문서현, 조형준",,"대구콘서트하우스(주관), 대구콘서트하우스(주최)",만 7세 이상,N,N,N,N,N,2020,9,24,Thursday,1170,1,0,1,5000.0,0.3125,3,0,12
61,SE000201,PF389714,1,90,서양음악(클래식),기악,"인소연, 이상준, 윤솔",,"대구콘서트하우스(주최), 대구콘서트하우스(주관), 공간울림(주최), 공간울림(주관)",만 7세 이상,N,Y,N,N,N,2020,10,3,Saturday,840,1,1,1,10000.0,0.75,3,0,5
62,SE000303,PF389906,1,70,서양음악(클래식),기악,"최혜리, 박신혜, 오지환, 이나영",,"디엘앙상블(주관), 디엘앙상블(주최)",만 8세 이상,N,N,N,N,N,2020,10,10,Saturday,1020,1,0,1,10000.0,0.0427350427350427,3,310,7
63,SE000102,PF380058,1,90,서양음악(클래식),기악,임주영,,"지트리 아트컴퍼니(주최), 지트리 아트컴퍼니(주관), 지트리 아트컴퍼니(주최), 지트리 아트컴퍼니(주관)",만 7세 이상,N,N,N,N,N,2020,11,3,Tuesday,1170,1,0,2,0.0,0.9658119658119658,1,0,4
64,SE000201,PF380682,1,90,서양음악(클래식),기악,"정성욱, 최지민, 윤주리, 손효창, 김태영, 우정훈, 김현정 등",,"대구콘서트하우스(주최), 대구콘서트하우스(주관)",만 7세 이상,N,N,N,N,N,2020,11,6,Friday,1170,1,0,1,10000.0,0.9401709401709402,1,0,3
65,SE000102,PF381671,1,70,서양음악(클래식),성악,"서정혁, 정지은",,,만 7세 이상,N,N,N,N,N,2020,11,14,Saturday,1020,1,0,1,0.0,0.9658119658119658,1,0,3
66,SE000102,PF381531,1,90,서양음악(클래식),기악,"백준원, 최혜리",,콰르텟 콘 아니마(주관),만 7세 이상,N,N,N,N,Y,2020,11,15,Sunday,1020,1,0,1,20000.0,0.9658119658119658,1,0,2
67,SE000201,PF380061,1,90,서양음악(클래식),기악,"이상준, 우정훈, 조영진, 곽소영",,"대구콘서트하우스(주최), 대구콘서트하우스(주관)",만 7세 이상,N,N,N,N,Y,2020,11,17,Tuesday,1170,1,0,1,10000.0,0.7777777777777778,1,0,1
68,SE000303,PF380040,1,90,서양음악(클래식),기악,"하지현, 장가연, 제임스재원문",,에이엠예술기획(AM엔터테인먼트)(주관),만 7세 이상,N,N,N,N,N,2020,11,22,Sunday,1020,1,0,1,10000.0,0.8888888888888888,1,790,14
69,SE000102,PF381417,1,90,서양음악(클래식),기악,"하지현, 김광조, 김민지, 장가영, 안경민, 우정훈",,리에 목관 5중주(주최),만 7세 이상,N,N,N,N,N,2020,11,24,Tuesday,1170,1,0,1,10000.0,0.5555555555555556,1,0,3
70,SE000201,PF381472,1,60,서양음악(클래식),기악,"류태형, 송영민",,"대구콘서트하우스(주관), 대구콘서트하우스(주최)",만 7세 이상,N,N,N,N,Y,2020,11,25,Wednesday,1170,1,0,1,5000.0,0.5641025641025641,1,3070,38
71,SE000102,PF381071,1,90,서양음악(클래식),성악,임봉석,,"라모아트컴퍼니(주관), 보아즈앙상블(주관), 라모아트컴퍼니(주최)",만 7세 이상,N,N,N,N,N,2020,11,28,Saturday,1020,1,0,1,20000.0,0.9658119658119658,1,0,4
72,SE000201,PF381449,1,90,서양음악(클래식),기악,,,"대구콘서트하우스(주관), 대구콘서트하우스(주최)",만 7세 이상,N,Y,N,N,Y,2020,12,3,Thursday,1170,1,0,1,10000.0,0.6495726495726496,2,0,1
73,SE000201,PF381464,1,90,서양음악(클래식),기악,"박치상, 야로스와브 돔잘, 정지교",,"대구콘서트하우스(주최), 대구콘서트하우스(주관)",만 7세 이상,N,Y,N,N,Y,2020,12,4,Friday,1170,1,0,1,10000.0,0.8205128205128205,2,0,28
74,SE000201,PF381045,1,90,서양음악(클래식),기악,"장지은, 김민주, 전예은, 이혜림, 공정연, 박원준, 박소현 등",,"대구콘서트하우스(주관), 대구콘서트하우스(주최)",만 7세 이상,N,N,N,N,Y,2020,12,16,Wednesday,1170,1,0,1,10000.0,0.4786324786324786,3,0,4
75,SE000201,PF381047,1,90,서양음악(클래식),기악,"김수지, 최재호",,"대구콘서트하우스(주관), 대구콘서트하우스(주최)",만 7세 이상,N,N,N,N,Y,2020,12,17,Thursday,1170,1,0,1,10000.0,0.5128205128205128,3,0,1
76,SE000201,PF381043,1,90,서양음악(클래식),기악,"송정민, 박신혜, 경희설, 이언, 윤성준, 김종현",,"대구콘서트하우스(주관), 대구콘서트하우스(주최)",만 7세 이상,N,N,N,N,Y,2020,12,18,Friday,1170,1,0,1,10000.0,0.358974358974359,3,0,27
77,,PF392190,1,90,서양음악(클래식),기악,정소영,,"AM예술기획(AM엔터테인먼트)(주최), AM예술기획(AM엔터테인먼트)(주관), 에이엠예술기획(AM엔터테인먼트)(주최), 에이엠예술기획(AM엔터테인먼트)(주관)",만 7세 이상,N,N,N,N,Y,2021,1,19,Tuesday,1170,1,0,1,20000.0,0.5299145299145299,3,0,6
78,,PF393542,1,90,서양음악(클래식),기악,"신수현, 신윤영",,"가델 클래식 예술기획(주최), 가델 클래식 예술기획(주관)",만 6세 이상,N,N,N,N,N,2021,2,2,Tuesday,1170,1,0,1,0.0,0.5299145299145299,3,0,1
79,,PF393331,1,80,서양음악(클래식),기악,"조정현, 김동규",,음악교육신문사(주최),만 7세 이상,N,N,N,N,N,2021,2,24,Wednesday,1170,1,0,1,20000.0,0.079646017699115,2,0,7
80,,PF393903,1,80,서양음악(클래식),기악,"오혜림, 이나영, 최현정, 황요한, 박지현, 박현정, 장하은 등",,"카프리스뮤직(주관), 위즈뮤직컴퍼니(주관), 솔리스츠K(주최)",만 7세 이상,N,N,N,N,Y,2021,3,17,Wednesday,1170,1,0,1,10000.0,0.6239316239316239,2,0,4
81,,PF394691,1,60,한국음악(국악),기악,"김아름낭, 최병길, 정해임",,대구콘서트하우스(주최),만 7세 이상,N,N,N,N,N,2021,3,18,Thursday,1140,1,0,1,0.0,1.0,2,0,1
82,,PF393043,1,90,서양음악(클래식),성악,"황예진, 이신유, 조아름, 유지수, 이다영, 권순관, 임진성 등",,"대구콘서트하우스(주최), 대구콘서트하우스(주관)",만 7세 이상,N,N,N,N,Y,2021,3,23,Tuesday,1170,1,0,1,10000.0,0.9401709401709402,2,0,21
83,,PF393039,1,90,서양음악(클래식),성악,"서정혁, 김은혜, 은빛나",,"대구콘서트하우스(주최), 대구콘서트하우스(주관)",만 7세 이상,N,N,N,N,Y,2021,3,24,Wednesday,1170,1,0,1,10000.0,0.8888888888888888,2,0,2
84,,PF393042,1,90,서양음악(클래식),성악,"이정아, 백민아, 오영민, 제상철, 박선민",,"대구콘서트하우스(주최), 대구콘서트하우스(주관)",만 7세 이상,N,N,N,N,N,2021,3,25,Thursday,1170,1,0,1,10000.0,0.9487179487179488,2,0,11
85,,PF393999,1,90,서양음악(클래식),기악,전예림,,,만 7세 이상,N,N,N,N,N,2021,3,11,Thursday,1170,1,0,1,0.0,0.9658119658119658,2,0,1
86,,PF394046,1,80,서양음악(클래식),기악,"이동신, 김병헌, 정수연, 박민주, 강다영, 구예영, 김민경 등",정종영,"대구스트링스심포니오케스트라(제작사), 대구스트링스심포니오케스트라(주관)",만 13세 이상,N,N,N,N,N,2021,4,6,Tuesday,1170,1,0,1,10000.0,0.9658119658119658,2,0,33
87,,PF395558,1,90,서양음악(클래식),기악,"이경은, 김효준, 신경은, 최민석, 마재성, 이아영, 유미주 등",경희설,"경희설 비올라 클래스(주최), 경희설 비올라 클래스(주관)",만 5세 이상,N,N,N,N,N,2021,4,14,Wednesday,1140,1,0,1,0.0,0.9658119658119658,2,0,1
88,,PF395532,1,70,서양음악(클래식),기악,"배원, 박진아",,음악교육신문사(주최),만 7세 이상,N,N,N,N,N,2021,4,15,Thursday,1170,1,0,1,20000.0,0.05,2,0,5
89,,PF395344,1,90,서양음악(클래식),오페라,"김형준, 최요섭, 오영민, 이주희, 조광래, 김명규, 곽보라 등",,"아트라스(주관), 아트라스(주최), 아트메이트(주관)",만 7세 이상,N,N,N,N,Y,2021,4,17,Saturday,1080,1,0,1,20000.0,0.9658119658119658,2,0,2
90,,PF395796,1,80,서양음악(클래식),성악,"구수민, 김조아, 이보나, 이보영, 이은경, 이정현, 장민수 등",,"한국가곡회(주관), 한국가곡회(주최)",만 7세 이상,N,N,N,N,N,2021,4,22,Thursday,1170,1,0,1,20000.0,0.9658119658119658,2,0,16
91,,PF394982,1,90,서양음악(클래식),기악,"이강원, 김보경, 박용인, 김보혜, 신동훈, 정지원, 강수연 등",권은실,"대구콘서트하우스(주관), 대구콘서트하우스(주최)",만 7세 이상,N,N,N,N,Y,2021,4,23,Friday,1170,1,0,1,10000.0,0.9658119658119658,2,0,20
92,,PF396283,1,90,서양음악(클래식),기악,"강대현, 주미정, 송효정, 장태화, 박지은, 김경미, 이송희 등",,"천마피아노연구회(주최), 천마피아노연구회(주관)",만 7세 이상,N,N,N,N,N,2021,4,27,Tuesday,1170,1,0,1,0.0,0.9487179487179488,2,0,6
93,,PF394032,1,90,서양음악(클래식),기악,"백나현, 우현수, 박선경, 정혜진, 박주영, 이수진, 조종욱 등",,"대구콘서트하우스(주관), 대구콘서트하우스(주최), 한국문화예술회관연합회(KoCACA)(주관), 문화체육관광부(주최)",만 7세 이상,N,N,N,N,Y,2021,4,28,Wednesday,1170,1,0,1,5000.0,0.9145299145299144,2,0,7
94,,PF395782,1,80,서양음악(클래식),성악,"주선영, 오태경, 하지현, 오국환",,,만 8세 이상,N,N,N,N,N,2021,4,29,Thursday,1170,1,0,1,20000.0,0.9658119658119658,2,0,4
95,,PF395811,1,80,서양음악(클래식),기악,김은옥,,,,N,N,N,N,N,2021,5,5,Wednesday,1020,1,1,1,10000.0,0.9658119658119658,2,0,1
96,,PF396454,1,90,서양음악(클래식),기악,"황효정, 전자희, 이윤하",,"킴스클래식예술기획(주관), 효성애드(주최)",만 7세 이상,N,N,N,N,N,2021,5,6,Thursday,1170,1,0,1,20000.0,0.0353982300884955,2,0,2
97,,PF395865,1,70,서양음악(클래식),기악,"윤주리, 오지혜, 장지은, 오지환, 한진, 최혜리",,,만 5세 이상,N,N,N,N,N,2021,5,8,Saturday,1020,1,0,1,10000.0,0.7264957264957265,2,0,2
98,,PF395858,1,70,서양음악(클래식),기악,"이상준, 박혜지, 우정훈, 이솔",,"프란츠 스튜디오(주관), 프란츠스튜디오(Franz Studio)(주관)",만 7세 이상,N,N,N,N,N,2021,5,9,Sunday,1020,1,0,1,10000.0,0.672566371681416,2,80,5
99,,PF396567,1,90,서양음악(클래식),기악,,,,,N,N,N,N,N,2021,5,11,Tuesday,1080,1,0,1,0.0,0.9658119658119658,2,0,1
100,,PF396567,1,90,서양음악(클래식),기악,,,,,N,N,N,N,N,2021,5,12,Wednesday,1080,1,0,1,0.0,0.9658119658119658,2,0,1
101,,PF396567,1,90,서양음악(클래식),기악,,,,,N,N,N,N,N,2021,5,14,Friday,1080,1,0,1,0.0,0.9658119658119658,2,0,1
102,,PF396612,1,90,서양음악(클래식),성악,"안혜찬, 변지영, 임형탁, 임경섭, 이은희, 박춘식, 정호원 등",,"대구시립합창단(주관), 대구시립예술단(주최)",만 7세 이상,N,N,N,N,N,2021,5,21,Friday,1170,1,0,2,13000.0,0.5,2,0,4
103,,PF397237,1,90,서양음악(클래식),기악,"박치상, 이은숙",,"AM예술기획(AM엔터테인먼트)(주관), 에이엠예술기획(AM엔터테인먼트)(주관)",만 7세 이상,N,N,N,N,Y,2021,5,23,Sunday,1170,1,0,1,20000.0,1.0,2,0,29
104,,PF395033,1,90,서양음악(클래식),기악,최지환 등,"이수은, 이정연","대구콘서트하우스(주관), 대구콘서트하우스(주최), 한국문화예술회관연합회(KoCACA)(주관), 문화체육관광부(주최)",만 7세 이상,N,N,N,N,Y,2021,5,26,Wednesday,1170,1,0,1,5000.0,0.905982905982906,2,0,2
105,,PF397200,1,90,서양음악(클래식),성악,"김민진, 은빛나",,,48개월 이상,N,N,N,N,N,2021,5,28,Friday,1170,1,0,1,0.0,0.9658119658119658,2,0,7
106,,PF397236,1,70,서양음악(클래식),성악,"김만수, 김진민, 김은혜",,"창조문화포럼(주최), 창조문화포럼(주관)",만 7세 이상,N,N,N,N,Y,2021,5,29,Saturday,1020,1,0,1,20000.0,0.9658119658119658,2,0,5
107,,PF396706,1,90,서양음악(클래식),기악,"정은신, 김혜심, 김혜헌",정은신,"대구콘서트하우스(주최), 대구콘서트하우스(주관)",만 7세 이상,N,N,N,N,Y,2021,6,2,Wednesday,1170,1,0,1,10000.0,0.9401709401709402,2,0,2
108,,PF397656,1,70,서양음악(클래식),기악,최주현,,창조문화포럼(주최),만 7세 이상,N,N,N,N,Y,2021,6,3,Thursday,1170,1,0,1,20000.0,0.9658119658119658,2,0,1
109,,PF397328,1,90,서양음악(클래식),기악,,,"인어스 브라스 앙상블(주최), GGT 동성기획(주관)",만 7세 이상,N,N,N,N,N,2021,6,5,Saturday,1080,1,0,1,20000.0,0.8849557522123894,0,0,1
110,,PF396825,1,90,서양음악(클래식),기악,"성상현, 한진석, 노창균, 김아진, 정다현, 김정환",,"대구콘서트하우스(주관), 대구콘서트하우스(주최)",만 7세 이상,N,N,N,N,Y,2021,6,15,Tuesday,1170,1,0,1,10000.0,0.8974358974358975,0,110,2
111,,PF396827,1,90,서양음악(클래식),기악,"임미래, 전예림, 류예진, 김찬진, 조애지, 주민경, 신윤영 등",,"대구콘서트하우스(주관), 대구콘서트하우스(주최)",만 7세 이상,N,N,N,N,Y,2021,6,16,Wednesday,1170,1,0,1,10000.0,0.9145299145299144,0,0,1
112,,PF396828,1,90,서양음악(클래식),기악,"윤유정, 정은지",,"대구콘서트하우스(주관), 대구콘서트하우스(주최)",만 7세 이상,N,N,N,N,Y,2021,6,17,Thursday,1170,1,0,1,10000.0,0.905982905982906,0,0,5
113,,PF396826,1,90,서양음악(클래식),기악,"김태연, 장태화, 정지교, 최훈락, 서아름, 권주희",,"대구콘서트하우스(주관), 대구콘서트하우스(주최)",만 7세 이상,N,N,N,N,Y,2021,6,18,Friday,1170,1,0,1,10000.0,0.6752136752136753,0,0,9
114,,PF397874,1,90,서양음악(클래식),기악,"하지현, 김민지, 장기영, 안경민, 정세롬, 우정훈, 소은경 등",,리에 목관 5중주(주최),만 7세 이상,N,N,N,N,Y,2021,6,24,Thursday,1170,1,0,1,10000.0,0.5982905982905983,2,0,4
115,,PF398616,1,90,서양음악(클래식),성악,,,대구콘서트하우스(주최),만 7세 이상,N,N,N,N,N,2021,6,26,Saturday,1170,1,0,1,0.0,0.9658119658119658,2,0,1
116,,PF396615,1,120,서양음악(클래식),기악,토니 윤,,World Culture Networks (WCN)(주최),만 7세 이상,N,N,N,N,N,2021,6,27,Sunday,1020,1,0,2,30000.0,0.4513274336283185,2,0,3
117,,PF398407,1,90,서양음악(클래식),기악,김유진,,,만 7세 이상,N,N,N,N,Y,2021,7,3,Saturday,1020,1,0,1,10000.0,0.9658119658119658,1,0,3
118,,PF398006,1,60,서양음악(클래식),성악,양요한,,,만 7세 이상,N,N,N,N,N,2021,7,8,Thursday,1170,1,0,1,0.0,0.9658119658119658,1,0,1
119,,PF398524,1,90,서양음악(클래식),기악,"서지원, 안중연, 김민욱, 유영호, 홍성찬, 김형주, 오정민 등",,"어니스트 필하모닉 오케스트라(주최), AM예술기획(AM엔터테인먼트)(주관), 에이엠예술기획(AM엔터테인먼트)(주관)",만 7세 이상,N,N,N,N,Y,2021,7,9,Friday,1170,1,0,3,20000.0,0.3162393162393162,1,0,6
120,,PF399279,1,90,서양음악(클래식),성악,,,"한국명곡진흥협회(주최), 한국명곡진흥협회(주관)",,N,N,N,N,N,2021,7,15,Thursday,1170,1,0,1,0.0,0.9743589743589745,1,0,1
121,,PF398958,1,240,서양음악(클래식),기악,,,"대구콘서트하우스(주최), 월드오케스트라시리즈 조직위원회(주관)",만 7세 이상,Y,N,N,N,N,2021,7,19,Monday,560,1,0,1,30000.0,0.9666666666666668,1,0,1
122,,PF398958,1,240,서양음악(클래식),기악,,,"대구콘서트하우스(주최), 월드오케스트라시리즈 조직위원회(주관)",만 7세 이상,Y,N,N,N,N,2021,7,20,Tuesday,560,1,0,1,30000.0,0.9333333333333332,1,0,1
123,,PF398958,1,240,서양음악(클래식),기악,,,"대구콘서트하우스(주최), 월드오케스트라시리즈 조직위원회(주관)",만 7세 이상,Y,N,N,N,N,2021,7,21,Wednesday,560,1,0,1,30000.0,0.9166666666666666,1,0,1
124,,PF398062,1,70,서양음악(클래식),성악,"이보나, 이미영, 구민영, 김조아, 강동은, 임이랑, 홍제만 등","조승룡, 김찬영, 김보미","보엠아트(주최), 보엠아트(주관)",만 6세 이상,N,N,N,N,N,2021,7,24,Saturday,930,1,0,1,20000.0,0.9658119658119658,1,0,11
125,,PF398657,1,90,서양음악(클래식),기악,"박종훈, 치하루 아이자와",,"대구콘서트하우스(주관), 대구콘서트하우스(주최)",만 7세 이상,N,Y,N,N,Y,2021,7,25,Sunday,1020,1,0,1,30000.0,0.6324786324786325,1,7830,160
126,,PF398655,1,90,서양음악(클래식),성악,"김동녘, 배진형, 구본광, 김혜령, 배규희, 정혜진, 도민영 등",권은실,"대구콘서트하우스(주관), 대구콘서트하우스(주최)",만 7세 이상,N,Y,N,N,Y,2021,7,27,Tuesday,1170,1,0,1,20000.0,0.9658119658119658,3,0,9
127,,PF398648,1,90,서양음악(클래식),기악,"송정민, 박소연, 최재호, 송성훈, 정나영, 권성준, 은빛나",,"대구콘서트하우스(주최), 대구콘서트하우스(주관)",만 7세 이상,N,N,N,N,N,2021,7,28,Wednesday,1170,1,0,1,5000.0,0.9658119658119658,3,0,7
128,,PF399027,1,90,서양음악(클래식),기악,,,칼로스 플루트 앙상블(주최),만 7세 이상,N,N,N,N,Y,2021,7,31,Saturday,1020,1,0,1,10000.0,0.1965811965811965,3,0,1
129,,PF399832,1,90,서양음악(클래식),성악,,,"대구시립예술단(주최), 대구시립합창단(주관)",만 7세 이상,N,N,N,N,Y,2021,8,13,Friday,1170,1,0,2,13000.0,0.6363636363636364,3,0,1
130,,PF390472,1,80,서양음악(클래식),기악,"오혜림, 이나영, 최현정, 황요한, 박지현, 박현정, 장하은 등",,"솔리스츠K(주최), 위즈뮤직컴퍼니(주관)",만 7세 이상,N,N,N,N,Y,2021,8,15,Sunday,1140,1,1,1,10000.0,0.9658119658119658,3,310,8
131,,PF399182,1,90,서양음악(클래식),기악,"홍기쁨, 백나현, 김은지, 최민정, 배원",,,만 7세 이상,N,N,N,N,N,2021,8,17,Tuesday,1170,1,0,1,10000.0,0.8888888888888888,3,0,4
132,,PF399001,1,90,서양음악(클래식),기악,"김보경, 박진아",,"AM예술기획(AM엔터테인먼트)(주관), 에이엠예술기획(AM엔터테인먼트)(주관)",만 7세 이상,N,N,N,N,N,2021,8,18,Wednesday,1170,1,0,1,10000.0,0.9401709401709402,3,0,5
133,,PF390208,1,90,서양음악(클래식),기악,"윤유정, 김은지, 황요한",김동명,,,N,N,N,N,N,2021,8,20,Friday,1170,1,0,1,0.0,0.9658119658119658,3,0,6
134,,PF399088,1,80,서양음악(클래식),기악,"윤지민, 배진형, 김보라, 이명현, 구본광",,"프란츠 스튜디오(주최), 프란츠 스튜디오(기획사), 프란츠스튜디오(Franz Studio)(주최), 프란츠스튜디오(Franz Studio)(기획사)",만 5세 이상,N,N,N,N,Y,2021,8,22,Sunday,1020,1,0,1,10000.0,0.9658119658119658,3,0,3
135,,PF390539,1,60,서양음악(클래식),기악,,,"대구콘서트하우스(주최), 대구국제현대음악제(주최), 젊은 음악인들의 모임(주관)",만 7세 이상,N,Y,N,N,N,2021,8,25,Wednesday,960,1,0,1,20000.0,0.7692307692307693,3,0,1
136,,PF390531,1,60,서양음악(클래식),기악,"강나래, 박성근, 지유경",,"대구콘서트하우스(주최), 대구국제현대음악제(주최), 젊은 음악인들의 모임(주관)",만 7세 이상,N,Y,N,N,N,2021,8,25,Wednesday,1170,1,0,1,20000.0,0.6495726495726496,3,40,4
137,,PF390547,1,60,서양음악(클래식),기악,,,"대구콘서트하우스(주최), 대구국제현대음악제(주최), 젊은 음악인들의 모임(주관)",만 7세 이상,N,Y,N,N,N,2021,8,26,Thursday,1170,1,0,1,20000.0,0.6239316239316239,3,0,1
138,,PF390631,1,60,서양음악(클래식),기악,"이정연, 신성아, 전지은, 박준선",,"대구콘서트하우스(주최), 대구국제현대음악제(주최), 젊은 음악인들의 모임(주관)",만 7세 이상,N,Y,N,N,N,2021,8,27,Friday,1020,1,0,1,20000.0,0.6752136752136753,3,0,3
139,,PF390250,1,90,서양음악(클래식),성악,"조승룡, 이호근, 송지은, 김찬영, 홍제만, 김자경, 김락호 등",박나영 등,"다원예술위원회(주관), 다원예술위원회(주최)",만 7세 이상,N,N,N,N,N,2021,8,29,Sunday,930,1,0,1,10000.0,0.9658119658119658,3,0,22
140,,PF390829,1,70,서양음악(클래식),기악,"이희수, 우정훈, 윤주리, 정성욱, 최지민, 김태영, 김동명",박동찬,"대구광역시(주최), 대구광역시(주관), (재)대구문화재단(주최), (재)대구문화재단(주관)",만 7세 이상,N,N,N,N,Y,2021,8,31,Tuesday,1170,1,0,1,10000.0,0.9658119658119658,3,0,2
141,,PF391334,1,90,서양음악(클래식),기악,"오영지, 윤진태, 이언, 정지교, 김혜령, 백원주, 변규리 등",장은호,,,N,N,N,N,N,2021,9,3,Friday,1170,1,0,1,0.0,0.9658119658119658,3,0,3
142,,PF391296,1,90,서양음악(클래식),기악,"김헌일, 조영진, 김민희, 황효정, 박선경, 김민수, 최윤경 등",김헌일,"대구음악협회(주최), 대구음악협회(주관)",만 7세 이상,N,Y,N,N,Y,2021,9,7,Tuesday,1170,1,0,1,10000.0,0.8205128205128205,3,0,7
143,,PF391206,1,90,한국음악(국악),기악,"김영산, 이재준, 장주영, 정선겸, 김민건, 김연귀, 김제윤 등",,"대구음악협회(주최), 대구음악협회(주관)",만 7세 이상,N,Y,N,N,Y,2021,9,8,Wednesday,1170,1,0,1,10000.0,0.3504273504273504,3,0,3
144,,PF390462,1,90,서양음악(클래식),성악,"권은실, 양원윤, 김보혜, 박효신, 박정주, 오영은, 이수현 등",,"대구콘서트하우스(주관), 대구콘서트하우스(주최)",만 7세 이상,N,N,N,N,Y,2021,9,10,Friday,1170,1,0,1,10000.0,0.717948717948718,3,0,20
145,,PF391503,1,90,서양음악(클래식),성악,,,"재한일본여성합창단 이코이(주최), 재한일본여성합창단 이코이(주관)",48개월 이상,N,N,N,N,N,2021,9,11,Saturday,1020,1,0,1,0.0,0.9658119658119658,3,0,1
146,,PF391271,1,90,서양음악(클래식),기악,"심후섭, 김영란, 변영찬, 이상미, 강교은, 심효빈, 이희수 등","박현숙, 강한뫼, 오용철 등","대구음악협회(주최), 대구음악협회(주관)",만 7세 이상,N,Y,N,N,Y,2021,9,14,Tuesday,1170,1,0,1,10000.0,0.7777777777777778,3,0,2
147,,PF390444,1,90,서양음악(클래식),기악,"정의진, 윤하, 김주미, 김예송, 조현지, 유로이스, 정수연 등",,"대구콘서트하우스(주최), 대구콘서트하우스(주관)",만 7세 이상,N,N,N,N,Y,2021,9,15,Wednesday,1170,1,0,1,10000.0,0.7948717948717948,3,0,1
148,,PF390442,1,90,서양음악(클래식),기악,"김하영, 배원은, 김종현",,"대구콘서트하우스(주최), 대구콘서트하우스(주관)",만 7세 이상,N,N,N,N,Y,2021,9,16,Thursday,1170,1,0,1,10000.0,0.9658119658119658,3,0,11
149,,PF390443,1,90,서양음악(클래식),기악,"박성진, 최수혁, 이정민, 김성원, 이희수, 양의진, 강경신 등",,"대구콘서트하우스(주최), 대구콘서트하우스(주관)",만 7세 이상,N,N,N,N,Y,2021,9,17,Friday,1170,1,0,1,10000.0,0.9401709401709402,3,0,2
150,,PF391859,1,70,한국음악(국악),기악,"이영섭, 문경아, 윤서경, 이재하, 김승태",,"영남대학교(주최), Full Moon Company(보름달컴퍼니)(주관)",만 7세 이상,N,N,N,N,N,2021,9,26,Sunday,960,1,0,1,20000.0,0.336283185840708,3,0,5
151,,PF391378,1,90,서양음악(클래식),기악,"김희수, 김동규, 정현빈, 곽준호, 이석중, 우정훈",,"대구콘서트하우스(주최), 대구콘서트하우스(주관)",만 7세 이상,N,N,N,N,Y,2021,9,29,Wednesday,1170,1,0,1,5000.0,0.9401709401709402,3,0,2
152,,PF302303,1,90,서양음악(클래식),기악,"정지원, 노정이, 조상필, 조성현, 박동혁, 서호성, 전보라 등",,대구트롬본앙상블(주최),만 7세 이상,N,N,N,N,Y,2021,10,2,Saturday,1020,1,0,1,10000.0,0.3162393162393162,3,0,1
153,,PF391791,1,90,서양음악(클래식),오페라,"이영주, 박미영, 송혜진, 어은정, 이윤지, 신민정, 김두원 등",,"대구교육대학교(주최), 대구교육대학교(기획사)",만 11세 이상,N,N,N,N,N,2021,10,3,Sunday,1020,1,1,1,0.0,0.9658119658119658,3,0,20
154,,PF391333,1,90,서양음악(클래식),기악,권주희,,이음기획(주최),만 7세 이상,N,N,N,N,N,2021,10,6,Wednesday,1170,1,0,1,20000.0,0.2123893805309734,3,0,5
155,,PF302355,1,70,서양음악(클래식),기악,"남자은, 백나현, 배규희",,(주)엔에이치엔티켓링크(주최),만 7세 이상,N,N,N,N,N,2021,10,7,Thursday,1170,1,0,1,10000.0,0.9401709401709402,3,0,5
156,,PF390169,1,90,서양음악(클래식),기악,"최지은, 추교준, 이언",,"AM예술기획(AM엔터테인먼트)(주관), 에이엠예술기획(AM엔터테인먼트)(주관)",만 7세 이상,N,N,N,N,N,2021,10,9,Saturday,1020,1,1,1,20000.0,0.9658119658119658,3,0,9
157,,PF391114,1,90,서양음악(클래식),기악,"하지현, 인소연, 김수지",,"AM예술기획(AM엔터테인먼트)(주관), 에이엠예술기획(AM엔터테인먼트)(주관)",만 7세 이상,N,N,N,N,Y,2021,10,10,Sunday,1020,1,0,1,20000.0,0.9230769230769232,3,0,10
158,,PF302035,1,90,서양음악(클래식),성악,"구수민, 김상은, 이보영, 김조아, 이은경, 이지혜, 장민수 등",,"독일가곡회(주최), 독일가곡회(주관)",만 7세 이상,N,N,N,N,N,2021,10,12,Tuesday,1170,1,0,1,0.0,0.9658119658119658,3,0,13
159,,PF303359,1,90,서양음악(클래식),기악,"장혁준, 최영식, 이윤하, 황효정, 최훈락",,,만 7세 이상,N,N,N,N,N,2021,10,16,Saturday,1020,1,0,1,0.0,0.9658119658119658,3,0,9
160,,PF302002,1,90,서양음악(클래식),성악,"고선미, 김은희, 위수인, 이창훈",,"대구교육대학교(주관), 대구교육대학교(주최)",만 7세 이상,N,N,N,N,N,2021,10,20,Wednesday,1140,1,0,1,0.0,0.9658119658119658,3,0,36
161,,PF303603,1,70,서양음악(클래식),기악,,,"대구광역시(주관), (재)대구문화재단(주관), 대구광역시(주최), (재)대구문화재단(주최)",만 7세 이상,N,N,N,N,Y,2021,10,23,Saturday,1020,1,0,1,10000.0,0.9658119658119658,3,0,1
162,,PF303666,1,90,서양음악(클래식),기악,,,,만 7세 이상,N,N,N,N,N,2021,10,24,Sunday,960,1,0,1,0.0,0.9658119658119658,3,0,1
163,,PF302890,1,80,서양음악(클래식),기악,"장혁준, 최훈락",,"CM코리아(주관), CM심포니오케스트라(주최)",만 7세 이상,N,N,N,N,N,2021,10,26,Tuesday,1170,1,0,1,10000.0,0.9658119658119658,3,0,9
164,,PF302850,1,90,서양음악(클래식),기악,"김효준, 강동은, 경희설, 김민지, 박신해, 박초희, 손영훈",서은정,"대구콘서트하우스(주관), 대구콘서트하우스(주최)",만 7세 이상,N,N,N,N,N,2021,10,27,Wednesday,1170,1,0,1,5000.0,0.9401709401709402,3,0,2
165,,PF391059,1,75,서양음악(클래식),기악,조아란,,"C.A.R(주최), C.A.R(주관)",만 7세 이상,N,N,N,N,N,2021,10,30,Saturday,1020,1,0,1,20000.0,1.623931623931624,3,0,4
166,,PF304267,1,90,서양음악(클래식),기악,"박소현, 송희송, 이동열, 이일세, 오국환, 박민혜, 우창훈 등","송희승, 박종엽","솔리스트첼로앙상블 경상(주최), YJ기획(주관)",,N,N,N,N,N,2021,10,31,Sunday,1020,1,0,1,10000.0,0.9658119658119658,3,0,18
167,,PF304494,1,90,서양음악(클래식),기악,"하태길, 김종현",박성미,,만 7세 이상,N,N,N,N,N,2021,11,2,Tuesday,1170,1,0,1,10000.0,0.9658119658119658,1,0,11
168,,PF302054,1,90,한국음악(국악),기악,"최병길, 정정미, 장보황, 신지현, 현수진, 김재웅, 조성훌",,"대구콘서트하우스(주최), 대구콘서트하우스(주관)",만 7세 이상,N,N,N,N,N,2021,11,4,Thursday,1170,1,0,1,10000.0,0.9401709401709402,1,0,1
169,,PF302977,1,90,한국음악(국악),기악,"이승희, 김보혜, 김지은, 방지원, 박창원, 오영지",,"대구콘서트하우스(주최), 대구콘서트하우스(주관)",만 7세 이상,N,N,N,N,N,2021,11,5,Friday,1170,1,0,1,10000.0,0.7863247863247863,1,0,8
170,,PF304089,1,90,서양음악(클래식),기악,"주은아, 김진민, 류지원, 정혜경, 손수연, 박현정, 김정윤 등",,"에이엠예술기획(AM엔터테인먼트)(주최), 에이엠예술기획(AM엔터테인먼트)(주관)",,N,N,N,N,N,2021,11,10,Wednesday,1170,1,0,1,0.0,0.6410256410256411,1,0,4
171,,PF303343,1,90,서양음악(클래식),기악,"신혜수, 허강민, 백경민, 우도욱, 모덕문, 송상호, 권현영 등",,"대구콘서트하우스(주최), 대구콘서트하우스(주관)",만 7세 이상,N,N,N,N,Y,2021,11,17,Wednesday,1170,1,0,1,10000.0,0.8461538461538461,1,0,1
172,,PF303344,1,90,서양음악(클래식),기악,"김주리, 황은진, 양수진",,"대구콘서트하우스(주최), 대구콘서트하우스(주관)",만 7세 이상,N,N,N,N,Y,2021,11,18,Thursday,1170,1,0,1,10000.0,0.9230769230769232,1,0,2
173,,PF303342,1,90,서양음악(클래식),기악,"윤성준, 정새롬, 황요한, 박주영, 하은홍, 김종현",,"대구콘서트하우스(주최), 대구콘서트하우스(주관)",만 7세 이상,N,N,N,N,Y,2021,11,19,Friday,1170,1,0,1,10000.0,0.6581196581196581,1,0,11
174,,PF304317,1,90,서양음악(클래식),성악,"백나현, 정혜진, 안수영, 오국환, 우현수, 김동준, 남자은 등",,"대구콘서트하우스(주관), 대구콘서트하우스(주최)",만 7세 이상,N,N,N,N,N,2021,11,24,Wednesday,1170,1,0,1,5000.0,0.9401709401709402,1,0,6
175,,PF305701,1,90,서양음악(클래식),기악,"윤성준, 이승호 등",,"소리모아플루트앙상블(주최), 소리모아플루트앙상블(주관)",,N,N,N,N,N,2021,11,28,Sunday,1080,1,0,1,0.0,0.9658119658119658,1,0,14
176,,PF305491,1,90,서양음악(클래식),기악,"장일범, 김선양, 김병현, 김혜령, 김민경",,"대구콘서트하우스(주관), 대구콘서트하우스(주최)",만 7세 이상,N,N,N,N,Y,2021,12,1,Wednesday,1170,1,0,1,10000.0,0.9401709401709402,1,0,68
177,,PF305792,1,70,서양음악(클래식),기악,"김희수, 김동규, 곽준호, 정현빈, 이석중, 우정훈",,"브라더스 (BRAtheSS)(주최), 브라더스 (BRAtheSS)(주관)",만 7세 이상,N,N,N,N,N,2021,12,8,Wednesday,1170,1,0,1,10000.0,0.9658119658119658,1,0,2
178,,PF305703,1,60,서양음악(클래식),기악,"윤민경, 오혜령, 조민형, 손미주",,"모음 앙상블(주최), 모음 앙상블(주관)",36개월 이상,N,N,N,N,Y,2021,12,11,Saturday,960,1,0,1,20000.0,0.0,1,0,2
179,,PF306878,1,70,서양음악(클래식),기악,최혜리,,,만 8세 이상,N,N,N,N,N,2021,12,15,Wednesday,1170,1,0,1,10000.0,0.9658119658119658,1,0,1
180,,PF306858,1,90,서양음악(클래식),기악,"이지훈, 신재민, 박미경, 우현수, 박미선, 배원, 경희설 등",,노부스 앙상블(주최),만 7세 이상,N,N,N,N,Y,2021,12,18,Saturday,1020,1,0,1,30000.0,0.8717948717948718,1,0,30
181,,PF306945,1,90,서양음악(클래식),기악,"조현, 홍나영, 이동열",,에이엠예술기획(AM엔터테인먼트)(주관),만 7세 이상,N,N,N,N,Y,2021,12,19,Sunday,1020,1,0,1,10000.0,0.5299145299145299,1,0,3
182,,PF306835,1,70,서양음악(클래식),기악,"남자은, 구본광, 정혜진, 김혜령, 이송지, 이언",,,만 6세 이상,N,N,N,N,Y,2021,12,22,Wednesday,1170,1,0,1,10000.0,0.9401709401709402,1,0,11
183,,PF306426,1,90,서양음악(클래식),성악,"조영주, 류지원, 김은환",,,만 7세 이상,N,N,N,N,N,2021,12,23,Thursday,1170,1,0,1,20000.0,0.9658119658119658,1,0,10
184,,PF306068,1,70,서양음악(클래식),기악,"이강원, 박진아",,프란츠스튜디오(Franz Studio)(주관),만 7세 이상,N,N,N,N,N,2021,12,25,Saturday,1020,1,1,1,20000.0,0.9658119658119658,1,0,4
185,,PF307420,1,90,서양음악(클래식),기악,"김효준, 김동명, 송정민, 경희설, 이언, 송성훈",,에이엠예술기획(AM엔터테인먼트)(주관),만 7세 이상,N,N,N,N,N,2021,12,26,Sunday,1170,1,0,1,0.0,0.9658119658119658,1,0,2
186,SE000102,PF307781,1,60,한국음악(국악),성악,"신예진, 강미경, 김승태, 변상엽, 권도윤, 임정욱",,"(주)버드 Bud.Ltd(주최), (주)버드 Bud.Ltd(주관)",만 8세 이상,N,N,N,N,N,2022,1,8,Saturday,900,1,0,1,0.0,0.9658119658119658,1,0,1
187,SE000102,PF307583,1,90,서양음악(클래식),성악,"이영주, 한성원",,대구교육대학교(주최),만 8세 이상,N,N,N,N,N,2022,1,9,Sunday,1020,1,0,1,20000.0,0.9658119658119658,1,0,21
188,SE000303,PF307308,1,110,서양음악(클래식),기악,정연호,,프란츠스튜디오(Franz Studio)(주관),,N,N,N,N,N,2022,1,14,Friday,1170,1,0,1,10000.0,0.9658119658119658,1,0,1
189,SE000102,PF307824,1,90,서양음악(클래식),기악,"권소민, 신혜수, 권오준, 백승진, 박주연",,"모멘토앙상블(주관), 모멘토앙상블(주최)",만 7세 이상,N,N,N,N,N,2022,1,15,Saturday,1020,1,0,1,0.0,0.9658119658119658,1,0,1
190,SE000102,PF308256,1,90,서양음악(클래식),기악,"조민지, 최혜리",,"에이엠예술기획(AM엔터테인먼트)(주최), 에이엠예술기획(AM엔터테인먼트)(주관)",만 7세 이상,N,N,N,N,N,2022,1,22,Saturday,1050,1,0,1,0.0,0.9658119658119658,1,0,3
191,SE000303,PF307107,1,50,서양음악(클래식),기악,"이동신, 정미화, 김병현, 김선양, 정미현",,,만 7세 이상,N,N,N,N,N,2022,2,8,Tuesday,1170,1,0,1,10000.0,0.9401709401709402,1,0,33
192,SE000102,PF308790,1,50,대중음악,기타,,,,만 7세 이상,N,N,N,N,N,2022,2,9,Wednesday,1170,1,0,1,5000.0,0.9658119658119658,1,0,1
193,SE000102,PF308788,1,90,서양음악(클래식),기악,"임한나, 허은정, 김예은, 이병룡, 정제학",,,만 4세 이상,N,N,N,N,N,2022,2,18,Friday,1170,1,0,1,10000.0,0.9658119658119658,1,0,3
194,SE000102,PF308109,1,90,서양음악(클래식),기악,"최영식, 손정아, 한은영",,"킴스클래식예술기획(주최), 킴스클래식예술기획(주관)",만 7세 이상,N,N,N,N,N,2022,2,19,Saturday,1020,1,0,1,10000.0,0.9658119658119658,1,0,4
195,SE000102,PF308016,1,110,서양음악(클래식),기악,"박나연, 김상은, 김효진, 류정희, 이승호, 홍나영, 이수정 등",,"EIM 음악의 모든것(주관), 대구솔리스트플루트앙상블(주최)",만 7세 이상,N,N,N,N,N,2022,2,20,Sunday,1020,1,0,1,10000.0,0.9658119658119658,1,0,10
196,SE000102,PF308749,1,90,서양음악(클래식),기악,"김종현, 김하영, 배원 등",,아티스트트리오(주최),만 7세 이상,N,N,N,N,Y,2022,2,25,Friday,1170,1,0,1,20000.0,0.9487179487179488,1,0,11
197,SE000102,PF309443,1,60,한국음악(국악),기악,"이서영, 김용하, 박종현, 최광일",,,만 7세 이상,N,N,N,N,N,2022,2,26,Saturday,1020,1,0,1,0.0,0.9658119658119658,1,0,2
198,SE000303,PF308033,1,80,서양음악(클래식),기악,"전정희, 임승범, 김은실, 문혜란, 전은구, 전상희, 정정현 등",,"대구혼앙상블(주최), 대구혼앙상블(주관)",만 7세 이상,N,N,N,N,N,2022,2,27,Sunday,1020,1,0,1,10000.0,0.9572649572649572,1,0,1
199,SE000201,PF308372,1,75,서양음악(클래식),기악,"류상열, 이수정",,,만 7세 이상,N,N,N,N,N,2022,3,3,Thursday,1170,1,0,1,20000.0,0.0530973451327433,1,0,7
200,SE000201,PF308141,1,90,서양음악(클래식),기악,이주은,,(주)비오비기획(주관),만 7세 이상,N,N,N,N,N,2022,3,4,Friday,1170,1,0,1,20000.0,0.079646017699115,1,0,6
201,SE000102,PF309804,1,90,서양음악(클래식),기악,"박미선, 김종현",,에이엠예술기획(AM엔터테인먼트)(주최),만 7세 이상,N,N,N,N,N,2022,3,5,Saturday,1170,1,0,1,20000.0,0.9658119658119658,1,0,11
202,SE000102,PF309213,1,100,서양음악(클래식),기악,"김영주, 홍나영",,뉴아트예술기획(주최),만 7세 이상,N,N,N,N,Y,2022,3,8,Tuesday,1170,1,0,1,10000.0,0.9658119658119658,1,0,4
203,SE000102,PF309842,1,80,서양음악(클래식),기악,"김영미, 김민희, 홍나영",,"엠케이예술(MK ARTS)(주최), 우드드로잉(주관)",만 8세 이상,N,N,N,N,Y,2022,3,9,Wednesday,1170,1,1,1,10000.0,0.9658119658119658,1,0,5
204,SE000102,PF309086,1,90,서양음악(클래식),기악,,,"부디 앙상블(주최), 부디 앙상블(주관)",만 7세 이상,N,N,N,N,N,2022,3,11,Friday,1170,1,0,1,0.0,0.9658119658119658,1,0,1
205,SE000102,PF309349,1,60,서양음악(클래식),기악,"정준수, 최훈락",,"첼리스텐(주관), (주)락아츠컴퍼니(주최)",만 7세 이상,N,N,N,N,Y,2022,3,12,Saturday,1020,1,0,1,20000.0,0.9658119658119658,1,0,9
206,SE000102,PF308998,1,90,서양음악(클래식),성악,"허은정, 김진민",,"(주)케이에이엔엔터테인먼트(주최), (주)케이에이엔엔터테인먼트(주관)",만 13세 이상,N,N,N,N,Y,2022,3,17,Thursday,1170,1,0,1,0.0,0.9658119658119658,1,40,1
207,SE000102,PF300485,1,90,서양음악(클래식),기악,장태화,,"킴스클래식예술기획(주최), 킴스클래식예술기획(주관)",만 7세 이상,N,N,N,N,N,2022,3,18,Friday,1110,1,0,1,0.0,0.9658119658119658,1,0,1
208,SE000201,PF308147,1,90,서양음악(클래식),기악,이혁,,"대구콘서트하우스(주최), 대구콘서트하우스(주관)",만 7세 이상,N,N,N,N,Y,2022,3,20,Sunday,1020,1,0,1,30000.0,0.9829059829059827,1,8490,16
209,SE000201,PF309481,1,90,서양음악(클래식),성악,"박지원, 이수빈, 이유정, 전수아, 최영원, 민경휘, 최주신 등",,"대구콘서트하우스(주최), 대구콘서트하우스(주관)",만 7세 이상,N,N,N,N,Y,2022,3,30,Wednesday,1170,1,0,1,10000.0,1.0,1,0,1
210,SE000201,PF309521,1,90,서양음악(클래식),성악,"이정현, 손재명, 강경신",,"대구콘서트하우스(주관), 대구콘서트하우스(주최)",만 7세 이상,N,N,N,N,Y,2022,3,31,Thursday,1170,1,0,1,10000.0,0.7948717948717948,1,0,1
211,SE000201,PF309492,1,90,서양음악(클래식),성악,"이윤경, 한보라, 김명규, 서정혁, 서인애",,"대구콘서트하우스(주최), 대구콘서트하우스(주관)",만 7세 이상,N,N,N,N,Y,2022,4,1,Friday,1170,1,0,1,10000.0,0.9572649572649572,1,0,26
212,SE000102,PF309197,1,100,서양음악(클래식),기악,"김현수, 한혜민, 김소정, 배은진, 최민정, 김유진, 박성찬 등",,노바솔로이스츠(주최),만 7세 이상,N,N,N,N,Y,2022,4,2,Saturday,1020,1,0,1,20000.0,0.9658119658119658,1,0,2
213,SE000102,PF301297,1,90,서양음악(클래식),기악,"박치상, 이중희",,"에이엠예술기획(AM엔터테인먼트)(주최), 에이엠예술기획(AM엔터테인먼트)(주관)",만 7세 이상,N,N,N,N,N,2022,4,5,Tuesday,1170,1,0,1,20000.0,0.9658119658119658,1,0,27
214,SE000102,PF300199,1,60,서양음악(클래식),기악,"김은지, 최민정, 손효창, 황요한, 조종욱, 윤유정, 서정빈",김동명,,만 7세 이상,N,N,N,N,N,2022,4,6,Wednesday,1170,1,0,1,0.0,0.9658119658119658,1,0,3
215,SE000102,PF301243,1,75,서양음악(클래식),기악,김성연,,"예술전문단체 올웨이코리아(주최), 앙상블 아스트로스(주관)",만 6세 이상,N,N,N,N,N,2022,4,7,Thursday,1170,1,0,1,0.0,0.9658119658119658,1,0,2
216,SE000303,PF309000,1,90,서양음악(클래식),기악,홍지민,,"에이엠예술기획(AM엔터테인먼트)(주최), 프로아트엔터테인먼트(주관)",만 7세 이상,N,N,N,N,N,2022,4,8,Friday,1170,1,0,1,10000.0,0.5470085470085471,1,0,2
217,SE000102,PF300627,1,90,서양음악(클래식),기악,"정준수, 최영식, 김광현, 허준화, 고은비, 이환숙, 임지영 등",김이정,앙상블유터피(주최),만 6세 이상,N,N,N,N,Y,2022,4,10,Sunday,1020,1,0,1,20000.0,0.9658119658119658,1,1050,39
218,SE000201,PF300288,1,70,서양음악(클래식),기악,"안인모, 송정민, 이희수",,"대구콘서트하우스(주최), 대구콘서트하우스(주관)",만 7세 이상,N,N,N,N,Y,2022,4,12,Tuesday,1170,1,0,1,10000.0,0.9658119658119658,1,0,19
219,SE000102,PF301686,1,90,서양음악(클래식),기악,정은지,,"에이엠예술기획(AM엔터테인먼트)(주최), 에이엠예술기획(AM엔터테인먼트)(주관)",만 7세 이상,N,N,N,N,N,2022,4,13,Wednesday,1170,1,0,1,0.0,0.4700854700854701,1,0,1
220,SE000102,PF301679,1,90,서양음악(클래식),기악,"장태화, 옥윤애, 박수경, 송효정, 장신옥, 정유민, 최선미 등",,"천마피아노연구회(주최), 에이엠예술기획(AM엔터테인먼트)(주관)",만 7세 이상,N,N,N,N,N,2022,4,14,Thursday,1170,1,0,1,0.0,0.7863247863247863,1,0,5
221,SE000102,PF301553,1,80,서양음악(클래식),기악,"안경민, 구지은, 김서준",,"OBS앙상블(오비에스 앙상블)(주관), OBS앙상블(오비에스 앙상블)(주최)",만 7세 이상,N,N,N,N,Y,2022,4,15,Friday,1170,1,0,1,10000.0,0.5524193548387096,1,0,1
222,SE000102,PF301511,1,90,서양음악(클래식),기악,이수희,,"계명대학교 음악공연예술대학(주최), 계명대학교 음악공연예술대학(주관)",만 7세 이상,N,N,N,N,N,2022,4,16,Saturday,1140,1,0,1,0.0,0.4556451612903225,1,0,2
223,SE000201,PF300211,1,60,서양음악(클래식),기악,"정혜진, 남자은, 권은실, 이강원, 송정민, 김보경, 박소연 등",,"대구콘서트하우스(주관), 대구콘서트하우스(주최)",만 7세 이상,N,N,N,N,Y,2022,4,22,Friday,1170,1,0,1,10000.0,0.5766129032258065,0,0,3
224,SE000201,PF300191,1,70,복합,복합,"이영섭, 양승환",,Full Moon Company(보름달컴퍼니)(주관),만 7세 이상,N,N,N,N,N,2022,4,24,Sunday,1020,1,0,1,20000.0,0.3083333333333333,0,0,4
225,SE000303,PF301411,1,90,서양음악(클래식),기악,"하지현, 문재원",,에이엠예술기획(AM엔터테인먼트)(주관),만 7세 이상,N,N,N,N,N,2022,4,26,Tuesday,1170,1,0,1,20000.0,0.189516129032258,0,790,14
226,SE000201,PF300284,1,70,서양음악(클래식),기악,"이진하, 정성욱, 이희수, 양재관, 황요한, 이상준, 추원주",,"대구콘서트하우스(주최), 대구콘서트하우스(주관)",만 7세 이상,N,N,N,N,Y,2022,4,27,Wednesday,1170,1,0,1,5000.0,0.9556451612903226,0,0,1
227,SE000102,PF312522,1,90,서양음악(클래식),기악,"윤혜원, 우창훈, 김은옥",박성미,"트리오 두(Trio Doux)(주최), 트리오 두(Trio Doux)(주관)",만 6세 이상,N,N,N,N,N,2022,4,29,Friday,1140,1,0,1,10000.0,1.0,0,0,3
228,SE000102,PF301154,1,90,서양음악(클래식),기악,"김은지, 이경희, 최민정, 박주영, 배 원, 안경민, 구본룡",,,만 7세 이상,N,N,N,N,Y,2022,4,30,Saturday,1020,1,0,1,10000.0,0.4556451612903225,0,0,1
229,SE000102,PF312225,1,90,서양음악(클래식),기악,"김민승, 문민영",,에이엠예술기획(AM엔터테인먼트)(주관),만 7세 이상,N,N,N,N,Y,2022,5,1,Sunday,1020,1,0,1,10000.0,0.4556451612903225,0,0,1
230,SE000102,PF312305,1,90,서양음악(클래식),기악,황요한,,에이엠예술기획(AM엔터테인먼트)(주관),만 7세 이상,N,N,N,N,Y,2022,5,5,Thursday,1170,1,1,1,10000.0,0.5362903225806451,0,0,1
231,SE000102,PF312176,1,80,서양음악(클래식),기악,이송희,,에이엠예술기획(AM엔터테인먼트)(주관),만 7세 이상,N,N,N,N,N,2022,5,11,Wednesday,1170,1,0,1,10000.0,0.4233870967741935,0,0,1
232,SE000102,PF312113,1,80,서양음악(클래식),기악,김가령 등,,"앙상블 아스트로스(주관), 앙상블 아스트로스(주최)",만 5세 이상,N,N,N,N,N,2022,5,13,Friday,1170,1,0,1,0.0,0.2661290322580645,0,0,1
233,SE000201,PF301825,1,90,서양음악(클래식),기악,"김소영, 김은경, 박지은, 박지혜, 박효진, 서혜주, 정종욱 등",,"대구콘서트하우스(주최), 대구콘서트하우스(주관)",만 7세 이상,N,N,N,N,Y,2022,5,18,Wednesday,1170,1,0,1,10000.0,0.8306451612903226,0,230,1
234,SE000201,PF301826,1,90,서양음악(클래식),기악,"김은옥, 배필호",,"대구콘서트하우스(주최), 대구콘서트하우스(주관)",만 7세 이상,N,N,N,N,Y,2022,5,19,Thursday,1170,1,0,1,10000.0,0.5846774193548387,0,0,1
235,SE000201,PF301898,1,90,서양음악(클래식),기악,"백낙원, 김효준, 최성종, 김성연, 이재준, 정지교",,"대구콘서트하우스(주관), 대구콘서트하우스(주최)",만 7세 이상,N,N,N,N,Y,2022,5,20,Friday,1170,1,0,1,10000.0,0.7459677419354839,0,0,3
236,SE000201,PF301887,1,90,서양음악(클래식),기악,"정나영, 송정민, 김하영, 박소연, 우창훈, 전종욱",,"대구콘서트하우스(주최), 대구콘서트하우스(주관)",만 7세 이상,N,N,N,N,Y,2022,5,25,Wednesday,1170,1,0,1,5000.0,0.9717741935483872,0,0,2
237,SE000102,PF313200,1,90,서양음악(클래식),성악,"김상은, 임봉석, 은빛나",,"IL CLASSICO(주관), IL CLASSICO(주최)",만 7세 이상,N,N,N,N,Y,2022,5,31,Tuesday,1170,1,0,1,10000.0,1.0,0,0,4
238,SE000102,PF313917,1,90,서양음악(클래식),기악,"김은지, 윤유정, 김동명",,,만 7세 이상,N,N,N,N,Y,2022,6,3,Friday,1170,1,0,1,10000.0,0.1008064516129032,0,0,3
239,SE000102,PF312166,1,90,서양음악(클래식),기악,"정순연, 이혜명, 이건형, 박진영, 김이정 등",,대구트롬본앙상블(주최),만 7세 이상,N,N,N,N,Y,2022,6,5,Sunday,1020,1,0,1,20000.0,0.875,0,0,4
240,SE000102,PF314700,1,90,서양음악(클래식),기악,"박민혜, 문민영",,"에이엠예술기획(AM엔터테인먼트)(주최), 에이엠예술기획(AM엔터테인먼트)(주관)",만 7세 이상,N,N,N,N,N,2022,6,10,Friday,1170,1,0,1,0.0,0.3830645161290322,0,0,0
241,SE000102,PF314580,1,90,서양음악(클래식),기악,"하태길, 이주은, 이은정, 나윤아, 배은진, 이윤하",,,만 6세 이상,N,N,N,N,N,2022,6,11,Saturday,1140,1,0,1,20000.0,0.9838709677419356,0,0,6
242,SE000102,PF313964,1,90,서양음악(클래식),기악,"백나현, 박정국",,,만 7세 이상,N,N,N,N,Y,2022,6,12,Sunday,1080,1,0,1,10000.0,0.907258064516129,0,0,2
243,SE000201,PF313474,1,90,서양음악(클래식),기악,"조희창, 정원영, 배필호 등",,"대구콘서트하우스(주최), 대구콘서트하우스(주관)",만 7세 이상,N,N,N,N,Y,2022,6,14,Tuesday,1170,1,0,1,10000.0,0.9596774193548387,0,0,3
244,SE000102,PF314924,1,70,서양음악(클래식),기악,배 원,,"KAG기획(주최), KAG기획(주관)",만 7세 이상,N,N,N,N,Y,2022,6,23,Thursday,1170,1,0,1,10000.0,0.9838709677419356,0,0,2
245,SE000102,PF315671,1,90,서양음악(클래식),기악,"장신옥, 박수경, 최선미, 송효정",,"킴스클래식예술기획(주최), 킴스클래식예술기획(주관)",만 7세 이상,N,N,N,N,N,2022,6,25,Saturday,1020,1,0,1,0.0,0.9838709677419356,0,0,2
246,SE000102,PF315854,1,90,서양음악(클래식),기악,"오국환, 최훈락",,킴스클래식예술기획(주최),만 7세 이상,N,N,N,N,N,2022,6,28,Tuesday,1170,1,0,1,0.0,0.9838709677419356,0,0,9
247,SE000102,PF315517,1,90,서양음악(클래식),기악,"하지현, 김민지, 박해용, 안경민, 김종현, 장가영, 우정훈 등","강명선, 양완식","YJ기획(주관), 리에 목관 5중주(주최)",만 6세 이상,N,N,N,N,Y,2022,7,1,Friday,1170,1,0,1,10000.0,0.9838709677419356,0,0,4
248,SE000102,PF315638,1,90,서양음악(클래식),기악,"박동욱, 도찬송, 서영희 등",,"YJ기획(주관), 코리안혼오케스트라(주최)",,N,N,N,N,N,2022,7,2,Saturday,1020,1,0,1,10000.0,0.9838709677419356,0,0,1
249,SE000201,PF313467,1,90,서양음악(클래식),기악,김수연,,"대구콘서트하우스(주최), 대구콘서트하우스(주관)",만 7세 이상,N,N,N,N,Y,2022,7,14,Thursday,1170,1,0,1,30000.0,0.9556451612903226,0,6520,3
250,SE000201,PF314696,1,70,뮤지컬,악극,"오국확, 현동헌, 정지혜, 유광준, 엄윤숙, 안수영, 김지혜 등","이정연, 박주희, 곽선혜  등","대구콘서트하우스(주최), 대구콘서트하우스(주관)",만 5세 이상,N,Y,N,N,Y,2022,7,17,Sunday,1020,1,0,1,20000.0,0.967741935483871,0,0,2
251,SE000201,PF314760,1,90,서양음악(클래식),기악,"박종훈, 치하루 아이자와, 알베르토 마르티니, 이상은 등",,"대구콘서트하우스(주최), 대구콘서트하우스(주관)",만 7세 이상,N,Y,N,N,Y,2022,7,20,Wednesday,1170,1,0,1,30000.0,0.5846774193548387,0,7830,145
252,SE000102,PF316302,1,90,서양음악(클래식),기악,"한혜민, 김종현",,"대구가톨릭대학교(주최), 대구가톨릭대학교(주관)",만 7세 이상,N,N,N,N,Y,2022,7,21,Thursday,1170,1,0,1,10000.0,0.9838709677419356,0,0,4
253,SE000201,PF315580,1,100,서양음악(클래식),기악,"김다미, 김규연",,"에이치엠에스컴퍼니(HMS)(주관), 에이치엠에스컴퍼니(HMS)(주최)",만 7세 이상,N,N,N,N,N,2022,7,22,Friday,1170,1,0,1,30000.0,0.4758064516129032,0,2820,10
254,SE000201,PF316358,1,240,서양음악(클래식),기악,,,"대구콘서트하우스(주최), 대구콘서트하우스(주관), 월드오케스트라시리즈 조직위원회(주최), 월드오케스트라시리즈 조직위원회(주관)",만 7세 이상,Y,N,N,N,Y,2022,7,25,Monday,560,1,0,1,50000.0,0.625,0,0,1
255,SE000201,PF316358,1,240,서양음악(클래식),기악,,,"대구콘서트하우스(주최), 대구콘서트하우스(주관), 월드오케스트라시리즈 조직위원회(주최), 월드오케스트라시리즈 조직위원회(주관)",만 7세 이상,Y,N,N,N,Y,2022,7,26,Tuesday,560,1,0,1,50000.0,0.9125,0,0,1
256,SE000201,PF316358,1,240,서양음악(클래식),기악,,,"대구콘서트하우스(주최), 대구콘서트하우스(주관), 월드오케스트라시리즈 조직위원회(주최), 월드오케스트라시리즈 조직위원회(주관)",만 7세 이상,Y,N,N,N,Y,2022,7,27,Wednesday,560,1,0,1,50000.0,0.9666666666666668,0,0,1
257,SE000201,PF316368,1,90,서양음악(클래식),기악,"이승동, 임현진, 홍승혜, 김지성, 백민아, 조은영, 이시현",,"대구콘서트하우스(주최), 대구콘서트하우스(주관)",만 7세 이상,N,N,N,N,N,2022,7,27,Wednesday,1170,1,0,1,5000.0,0.8629032258064516,0,150,8
258,SE000201,PF317470,1,90,서양음악(클래식),성악,"최지환, 배혜리, 김준태, 윤성우, 장윤영, 김은환, 김경선 등","김진희, 김성아, 안희철 등","한국문화예술회관연합회(KoCACA)(주최), 대구콘서트하우스(주관)",만 7세 이상,N,N,N,N,Y,2022,8,17,Wednesday,1170,1,0,1,5000.0,0.1411290322580645,0,0,2
259,SE000201,PF317470,1,90,서양음악(클래식),성악,"최지환, 배혜리, 김준태, 윤성우, 장윤영, 김은환, 김경선 등","김진희, 김성아, 안희철 등","한국문화예술회관연합회(KoCACA)(주최), 대구콘서트하우스(주관)",만 7세 이상,N,N,N,N,Y,2022,8,18,Thursday,1170,1,0,1,5000.0,0.0887096774193548,0,0,2
260,SE000201,PF317470,1,90,서양음악(클래식),성악,"최지환, 배혜리, 김준태, 윤성우, 장윤영, 김은환, 김경선 등","김진희, 김성아, 안희철 등","한국문화예술회관연합회(KoCACA)(주최), 대구콘서트하우스(주관)",만 7세 이상,N,N,N,N,Y,2022,8,19,Friday,1170,1,0,1,5000.0,0.0806451612903225,0,0,2
261,SE000303,PF317273,1,90,서양음악(클래식),기악,"윤주리, 정성욱, 이희수, 김태영, 우정훈, 최지민, 남다은",,,만 7세 이상,N,N,N,N,N,2022,8,21,Sunday,1020,1,0,1,0.0,1.0,0,0,1
262,SE000201,PF318064,1,90,서양음악(클래식),기악,이명근 등,"장승현, 이병무, 임종우 등","젊은음악인의모임(주관), 대구콘서트하우스(주최), 젊은음악인의모임(주최)",만 7세 이상,N,Y,N,N,Y,2022,8,24,Wednesday,960,1,0,1,20000.0,0.25,0,0,1
263,SE000201,PF318779,1,90,서양음악(클래식),기악,,,"젊은음악인의모임(주관), 대구콘서트하우스(주최), 젊은음악인의모임(주최)",만 7세 이상,N,Y,N,N,Y,2022,8,24,Wednesday,1170,1,0,1,20000.0,0.3073770491803279,0,0,1
264,SE000201,PF318675,1,150,서양음악(클래식),기악,조우성 등,"박상은, 이가영, 장선일 등","젊은음악인의모임(주관), 대구콘서트하우스(주최), 젊은음악인의모임(주최)",만 7세 이상,N,Y,N,N,Y,2022,8,25,Thursday,840,1,0,1,20000.0,0.3114754098360656,0,0,1
265,SE000201,PF318677,1,90,서양음악(클래식),기악,,"김시호, 권은실 등","대구콘서트하우스(주최), 젊은음악인의모임(주최), 젊은음악인의모임(주관)",만 7세 이상,N,Y,N,N,Y,2022,8,25,Thursday,1170,1,0,1,20000.0,0.3934426229508196,0,0,1
266,SE000201,PF318960,1,90,서양음악(클래식),기악,,"김용규, 임승혁, 김지현","젊은음악인의모임(주관), 대구콘서트하우스(주최), 젊은음악인의모임(주최)",만 7세 이상,N,Y,N,N,Y,2022,8,26,Friday,1020,1,0,1,20000.0,0.2581967213114754,0,0,1
267,SE000201,PF316339,1,60,서양음악(클래식),기악,"이은호, 최윤경, 백승훈, 어지은, 이재환",,"트로스트 바순 앙상블(주최), 트로스트 바순 앙상블(주관)",전체 관람가,N,N,N,N,N,2022,8,28,Sunday,1020,1,0,1,20000.0,0.0564516129032258,0,0,8
268,SE000303,PF318947,1,90,서양음악(클래식),기악,"은빛나, 김수지, 김민승, 황진아, 박신해, 전종욱, 정래종 등",,예성기획(주관),만 7세 이상,N,N,N,N,N,2022,8,30,Tuesday,1170,1,0,1,10000.0,1.0,0,0,10
269,SE000201,PF317408,1,90,서양음악(클래식),기악,"송영민, 최훈락, 정지교, 이선호",,"대구콘서트하우스(주최), 대구콘서트하우스(주관)",만 7세 이상,N,N,N,N,N,2022,8,31,Wednesday,1170,1,0,1,5000.0,0.9475806451612904,0,3730,38
270,SE000303,PF318516,1,90,서양음악(클래식),성악,"이영규, 남자은, 오수진, 송정민, 박소연, 이언",홍신주,에이엠예술기획(AM엔터테인먼트)(주관),만 7세 이상,N,N,N,N,N,2022,9,3,Saturday,1020,1,0,1,20000.0,0.4717741935483871,0,0,2
271,SE000201,PF318173,1,90,서양음악(클래식),기악,"김정현, 이호찬, 임재성",,"대구콘서트하우스(주최), 대구콘서트하우스(주관)",만 7세 이상,N,N,N,N,Y,2022,9,13,Tuesday,1170,1,0,1,10000.0,0.9596774193548387,0,520,10
272,SE000201,PF310344,1,90,서양음악(클래식),기악,코 가브리엘 카메다,,,전체 관람가,N,N,N,N,N,2022,9,14,Wednesday,1170,1,0,1,0.0,0.9672131147540984,0,0,1
273,SE000201,PF318014,1,90,서양음악(클래식),기악,"정수인, 양수연, 함채원, 이규원, 이창희, 엄수형, 김조은 등",,"대구콘서트하우스(주최), 대구콘서트하우스(주관)",만 7세 이상,N,N,N,N,Y,2022,9,21,Wednesday,1170,1,0,1,10000.0,0.6370967741935484,0,0,1
274,SE000201,PF318013,1,90,서양음악(클래식),기악,"김수지, 이윤하, 김종현",,"대구콘서트하우스(주최), 대구콘서트하우스(주관)",만 7세 이상,N,N,N,N,Y,2022,9,22,Thursday,1170,1,0,1,10000.0,0.375,0,0,10
275,SE000201,PF318015,1,90,서양음악(클래식),기악,"오혜림, 송정민, 박소연, 박성근, 박지현",,"대구콘서트하우스(주최), 대구콘서트하우스(주관)",만 7세 이상,N,N,N,N,Y,2022,9,23,Friday,1170,1,0,1,10000.0,0.282258064516129,0,0,2
276,SE000102,PF319106,1,90,서양음악(클래식),기악,"박미선, 박치상, 김상진, 성현정, 이상희, 김효준",,노부스 앙상블(주최),만 7세 이상,N,N,N,N,Y,2022,9,24,Saturday,1020,1,0,1,30000.0,0.6653225806451613,0,0,120
277,SE000102,PF310195,1,90,서양음악(클래식),기악,"서라미, 김성결, 박성하, 김성연, 김예름, 이현정, 박상희 등",,"노스텍사스대학교 음악대학 한국동문회(주최), 음악교육신문사(주관)",만 7세 이상,N,N,N,N,N,2022,9,27,Tuesday,1170,1,0,1,0.0,0.4032258064516129,0,0,7
278,SE000201,PF318177,1,90,서양음악(클래식),기악,"야로스와브 돔잘, 이동열, 정유진, 배 원, 하세연, 최재호",,"대구콘서트하우스(주최), 대구콘서트하우스(주관)",만 7세 이상,N,N,N,N,Y,2022,9,28,Wednesday,1170,1,0,1,5000.0,0.9596774193548387,0,0,5
279,SE000102,PF311264,1,90,서양음악(클래식),기악,,,,,N,Y,N,N,N,2022,9,29,Thursday,1170,1,0,1,0.0,1.0,0,0,1
280,SE000201,PF318131,1,90,서양음악(클래식),기악,"프랑수아 를뢰, 에마뉘엘 스트로세",,"대구콘서트하우스(주최), 대구콘서트하우스(주관)",만 7세 이상,N,N,Y,N,Y,2022,9,30,Friday,1170,1,0,1,30000.0,0.9596774193548387,0,0,1
281,SE000102,PF311846,1,60,서양음악(클래식),기악,"김성연, 김가령, 박민혜, 이다영",,"앙상블 아스트로스(주관), 앙상블 아스트로스(주최)",만 5세 이상,N,N,N,N,N,2022,10,6,Thursday,1170,1,0,1,20000.0,0.9838709677419356,0,0,4
282,SE000102,PF310662,1,60,서양음악(클래식),기악,"백준원, 박영성 등",,"프란츠 클래식(주최), 프란츠 클래식(주관)",만 7세 이상,N,N,N,N,Y,2022,10,8,Saturday,1020,1,0,1,20000.0,0.6451612903225806,0,230,2
283,SE000303,PF319100,1,80,서양음악(클래식),기악,,,"프란츠 클래식(주최), 프란츠 클래식(주관)",만 7세 이상,N,N,N,N,N,2022,10,9,Sunday,1020,1,1,1,10000.0,0.8387096774193549,0,0,1
284,SE000102,PF310825,1,60,서양음악(클래식),성악,"박영민, 김민혜, 이아름, 김대경, 양승진, 양요한, 박순기 등","박영민, 김대경","아츠컴퍼니 판(Arts Company Pan)(주최), 프란츠 클래식(주관)",만 7세 이상,N,N,N,N,Y,2022,10,15,Saturday,1020,1,0,1,20000.0,0.8830645161290323,0,0,2
285,SE000303,PF311143,1,90,서양음악(클래식),기악,"정혜진, 남자은, 정효민, 우현수 등",,,전체 관람가,N,N,N,N,N,2022,10,22,Saturday,1020,1,0,1,10000.0,0.0241935483870967,0,0,5
286,SE000102,PF311350,1,90,서양음악(클래식),기악,"정혜진, 남자은, 정효민, 우현수",권은실,,만 7세 이상,N,N,N,N,Y,2022,10,22,Saturday,1020,1,0,1,10000.0,0.8306451612903226,0,0,5
287,SE000201,PF310741,1,90,서양음악(클래식),기악,"이상준, 윤현상, 장용환, 김기경",,"대구콘서트하우스(주최), 대구콘서트하우스(주관)",만 7세 이상,N,N,N,N,Y,2022,10,26,Wednesday,1170,1,0,1,5000.0,0.9717741935483872,0,60,11
288,SE000102,PF423238,1,90,서양음악(클래식),기악,"오용철, 안지훈 등","박현숙, 박성미, 송혜원 등","21세기 현대음악연구회(주최), 21세기 현대음악연구회(주관)",만 7세 이상,N,N,N,N,N,2022,10,28,Friday,1170,1,0,1,0.0,1.0,0,0,1
289,SE000102,PF311884,1,70,한국음악(국악),성악,"안수영, 오국환, 김보혜, 김예름, 엄윤숙, 정지혜 등","이정연, 박재민",,만 5세 이상,N,N,N,N,Y,2022,10,29,Saturday,900,1,0,1,10000.0,0.9717741935483872,0,0,20
290,SE000102,PF423217,1,90,서양음악(클래식),성악,,,,,N,N,N,N,N,2022,11,1,Tuesday,1170,1,0,1,10000.0,1.0,0,0,1
291,SE000102,PF423400,1,90,서양음악(클래식),기악,,,,,N,N,N,N,N,2022,11,2,Wednesday,1170,1,0,1,10000.0,1.0,0,0,1
292,SE000102,PF423325,1,90,서양음악(클래식),기악,"이강원, 송정민, 경희설, 이언, 김효준",,에이엠예술기획(AM엔터테인먼트)(주관),만 7세 이상,N,N,N,N,Y,2022,11,9,Wednesday,1170,1,0,1,10000.0,0.0,0,0,4
293,SE000102,PF311804,1,60,복합,복합,,,다매체예술단 ARS(주최),만 7세 이상,N,Y,N,N,Y,2022,11,11,Friday,1020,1,0,1,10000.0,0.8632478632478633,0,0,1
294,SE000102,PF311804,1,60,복합,복합,,,다매체예술단 ARS(주최),만 7세 이상,N,Y,N,N,Y,2022,11,11,Friday,1140,1,0,1,10000.0,0.8717948717948718,0,0,1
295,SE000102,PF311804,1,60,복합,복합,,,다매체예술단 ARS(주최),만 7세 이상,N,Y,N,N,Y,2022,11,12,Saturday,840,1,0,1,10000.0,0.8803418803418803,0,0,1
296,SE000102,PF311804,1,60,복합,복합,,,다매체예술단 ARS(주최),만 7세 이상,N,Y,N,N,Y,2022,11,12,Saturday,960,1,0,1,10000.0,0.8632478632478633,0,0,1
297,SE000102,PF311804,1,60,복합,복합,,,다매체예술단 ARS(주최),만 7세 이상,N,Y,N,N,Y,2022,11,12,Saturday,1080,1,0,1,10000.0,0.8717948717948718,0,0,1
298,SE000102,PF423341,1,60,서양음악(클래식),기악,"황효정, 박초희, 김현지, 강은실, 박윤정, 금예지, 홍나영 등",,"르 송 앙상블 (Le Son Ensemble )(주최), 프란츠 클래식(주관)",만 7세 이상,N,N,N,N,Y,2022,11,19,Saturday,1020,1,0,1,10000.0,0.4879032258064516,0,0,3
299,SE000201,PF422086,1,90,서양음악(클래식),기악,"박현수, 조성준, 서혜란, 최진석, 조윤서, 황주윤, 윤찬 등",,"대구콘서트하우스(주최), 대구콘서트하우스(주관)",만 7세 이상,N,N,N,N,Y,2022,11,23,Wednesday,1170,1,0,1,10000.0,0.717741935483871,0,0,3
300,SE000201,PF422147,1,90,서양음악(클래식),기악,"김영주, 박에스라, 홍나영",,"대구콘서트하우스(주최), 대구콘서트하우스(주관)",만 7세 이상,N,N,N,N,Y,2022,11,24,Thursday,1170,1,0,1,10000.0,0.3548387096774194,0,0,3
301,SE000201,PF422085,1,90,서양음악(클래식),기악,"하지현, 아렌트 흐로스펠트, 장가영, 박해용",,"대구콘서트하우스(주최), 대구콘서트하우스(주관)",만 7세 이상,N,N,N,N,Y,2022,11,25,Friday,1170,1,0,1,10000.0,0.3790322580645161,0,0,4
302,SE000102,PF423170,1,90,서양음악(클래식),성악,"구수민, 오은정, 이동열, 김바하, 이도현, 남자은",,"대구콘서트하우스(주최), 대구콘서트하우스(주관)",전체 관람가,N,N,N,N,Y,2022,11,26,Saturday,1020,1,0,1,20000.0,1.0,0,0,8
303,SE000102,PF423090,1,90,서양음악(클래식),기악,"김종현, 정성태",박성미,"프란츠 클래식(주최), 프란츠 클래식(주관)",만 7세 이상,N,N,N,N,Y,2022,11,27,Sunday,1170,1,0,1,10000.0,0.5806451612903226,0,0,12
304,SE000303,PF424334,1,90,서양음악(클래식),성악,"황지나, 김상은, 박신해, 정래종, 이재훈, 은빛나",,"IL CLASSICO(주최), IL CLASSICO(주관)",만 7세 이상,N,N,N,N,N,2022,12,6,Tuesday,1170,1,0,1,10000.0,2.0,0,0,6
305,SE000102,PF425546,1,80,서양음악(클래식),성악,"이정아, 배혜리, 이영규, 백민아, 구은정, 최민영, 김아름 등",,"더 소프라노즈(주최), 더 소프라노즈(주관)",만 7세 이상,N,N,N,N,Y,2022,12,7,Wednesday,1170,1,0,1,20000.0,1.3629032258064515,0,0,10
306,SE000201,PF424911,1,90,서양음악(클래식),기악,"이호찬, 박상욱",,"대구콘서트하우스(주최), 대구콘서트하우스(주관)",만 7세 이상,N,N,N,N,N,2022,12,9,Friday,1170,1,0,1,30000.0,0.5967741935483871,0,520,14
307,SE000201,PF424030,1,90,대중음악,재즈/월드뮤직,"김우연, 김재원, 김종호, 이찬희, 고상지",,"대구콘서트하우스(주최), 대구콘서트하우스(주관)",만 7세 이상,N,N,N,N,N,2022,12,13,Tuesday,1170,1,0,1,10000.0,0.9596774193548387,0,1930,155
308,SE000303,PF425801,1,70,서양음악(클래식),기악,김혜령,,,만 7세 이상,N,N,N,N,N,2022,12,15,Thursday,1170,1,0,1,10000.0,1.0,0,0,9
309,SE000102,PF426422,1,90,서양음악(클래식),기악,"유시온, 권정민, 김유진, 김현아 정유정, 박재영, 박현아",,"엠케이예술(MK ARTS)(주최), 엠케이예술(MK ARTS)(기획사)",만 5세 이상,N,N,N,N,Y,2022,12,16,Friday,1170,1,0,1,10000.0,1.0,0,0,3
